max_depth,training_accuracy,test_accuracy
1,0.8402980239714933,0.8352229780801209
2,0.8522837706511177,0.8372385991433612
3,0.8608141669366159,0.8405139833711261
4,0.8713961775186266,0.8392542202066012
5,0.8847856602958644,0.8352229780801209
6,0.8994708994708994,0.8339632149155959
7,0.9172875499406111,0.8286722096245906
8,0.9329446064139941,0.81758629377677
9,0.9495734801857252,0.8065003779289492
10,0.9625310441636972,0.8042328042328043
