n_neighbors,training_accuracy,test_accuracy
3,0.8724759745167909,0.7888636936255984
5,0.8527156894503835,0.8133030990173847
7,0.8447251916639672,0.818342151675485
