n_neighbors,training_accuracy,test_accuracy
3,0.8721520354173417,0.7893675988914084
5,0.8520678112514849,0.8130511463844798
7,0.8449411510636,0.818846056941295
