,model,baseline_train_accuracy,baseline_test_accuracy,baseline_runtime,best_train_accuracy,best_test_accuracy,best_runtime
0,logistic regression,0.8493683187560739,0.873015873015873,0.014660120010375977,0.8454810495626822,0.8594104308390023,0.02545905113220215
1,random forest,1.0,0.8639455782312925,0.080902099609375,0.9698736637512148,0.854875283446712,0.080902099609375
2,decision trees,1.0,0.8027210884353742,0.0033180713653564453,0.8503401360544217,0.8571428571428571,0.0015180110931396484
3,gradient boosting,0.9125364431486881,0.8662131519274376,0.07600688934326172,0.8901846452866861,0.8684807256235828,0.07547402381896973
4,knn,0.8493683187560739,0.8231292517006803,0.001168966293334961,0.8396501457725948,0.8390022675736961,0.0007228851318359375
